<CONFIG xmlns:xsi="http://www.w3.org/2001/XMLSchema-instance" 
    xsi:noNamespaceSchemaLocation="http://www.webmethods.com/schema/xmlImport.xsd"
    depCheck="false"
>
	<Mode type="sync">
	    <!-- Setup distribution rules -->
	    <CONTEXT alias="EDC3DD96-F6CA-7C05-B3B9-D1CF57ECE7DE.routing.rules.storage">
	    
	    </CONTEXT>
	
	    <!-- Setup distribution filters -->
	    <CONTEXT alias="EDC3DD96-F6CA-7C05-B3B9-D1CF57ECE7DE.filter.rules.storage">
	    
	    </CONTEXT>
	
	    <!-- Setup trigger rules -->
	    <CONTEXT alias="EDC3DD96-F6CA-7C05-B3B9-D1CF57ECE7DE.change.rules.storage">
	    
	    <wm_xt_portalrules name="Queued Event" description="" ruleEditingContextURI="EDC3DD96-F6CA-7C05-B3B9-D1CF57ECE7DE.trigger.rule.editing.context" info="1" ruleType="change">
	<rule name="Queued Event" description="" ruleEditingContextURI="EDC3DD96-F6CA-7C05-B3B9-D1CF57ECE7DE.trigger.rule.editing.context" ruleType="change">
		<condition><and displayName="and" description="AND logical operator"><and displayName="and" description="AND logical operator"><equals displayName="equals" description="equals comparison"><bindingExpression constant="#{newTask.taskInfo.status}" displayName="bindingExpression" description="an external binding expression" variableInfo.enabled="false"></bindingExpression><string constant="active" displayName="string" description="a string value" variableInfo.enabled="false"></string></equals><equals displayName="equals" description="equals comparison"><bindingExpression constant="#{oldTask.taskInfo.status}" displayName="bindingExpression" description="an external binding expression" variableInfo.enabled="false"></bindingExpression><string constant="new" displayName="string" description="a string value" variableInfo.enabled="false"></string></equals></and><boolean constant="true" displayName="boolean" description="a boolean value (true or false)" variableInfo.enabled="false"></boolean></and></condition>
		<result><semicolon displayName="semicolon" description="Multiple statement operator"><semicolon displayName="semicolon" description="Multiple statement operator"><semicolon displayName="semicolon" description="Multiple statement operator"><assign displayName="assign" description="Assignment"><bindingExpression constant="#{currentTask.taskData.coreProcessCanonicalDoc.processData.currentStep.taskId}" displayName="bindingExpression" description="an external binding expression" variableInfo.enabled="false"></bindingExpression><bindingExpression constant="#{currentTask.taskInfo.taskID}" displayName="bindingExpression" description="an external binding expression" variableInfo.enabled="false"></bindingExpression></assign><assign displayName="assign" description="Assignment"><bindingExpression constant="#{currentTask.taskData.coreProcessCanonicalDoc.processData.currentStep.sla_checkpoint}" displayName="bindingExpression" description="an external binding expression" variableInfo.enabled="false"></bindingExpression><string constant="initial" displayName="string" description="a string value" variableInfo.enabled="false"></string></assign></semicolon><bindingExpression constant="#{CoreProcessTaskRuleContext.setCustomId}" displayName="bindingExpression" description="an external binding expression" variableInfo.enabled="false"></bindingExpression></semicolon><bindingExpression constant="#{currentTask.applyChangesNoAccept}" displayName="bindingExpression" description="an external binding expression" variableInfo.enabled="false"></bindingExpression></semicolon></result>
		<attributes><attribute name="actionType">true</attribute><attribute name="taskDefinitionURI">EDC3DD96-F6CA-7C05-B3B9-D1CF57ECE7DE</attribute><attribute name="origConditionText">(#{newTask.taskInfo.status} == &quot;active&quot; &amp;&amp; #{oldTask.taskInfo.status} == &quot;new&quot;) &amp;&amp; (true)</attribute><attribute name="ruleEditingContextID">task.rule.trigger.context</attribute><attribute name="ruleType">change</attribute><attribute name="ruleSet"></attribute><attribute name="origResultText">#{currentTask.taskData.coreProcessCanonicalDoc.processData.currentStep.taskId} = #{currentTask.taskInfo.taskID};#{currentTask.taskData.coreProcessCanonicalDoc.processData.currentStep.sla_checkpoint} = &quot;initial&quot;;#{CoreProcessTaskRuleContext.setCustomId};#{currentTask.applyChangesNoAccept}</attribute><attribute name="eventType">task.queued</attribute><attribute name="eventTypeConditionsJoin">0</attribute><attribute name="actions">actiontype.updatebizdata~#{currentTask.taskData.coreProcessCanonicalDoc.processData.currentStep.taskId} = #{currentTask.taskInfo.taskID}~Set taskId to Task ID task info~bizDataActionValueLabel=Task ID task info\,bizDataActionFieldLabel=taskId\,bizDataActionValueValue=#{currentTask.taskInfo.taskID}\,update_date_action_date_offset_fs_bean_name=update_date_action_date_event\,bizDataActionFieldValue=#{currentTask.taskData.coreProcessCanonicalDoc.processData.currentStep.taskId}\,original.editor.type=,actiontype.updatebizdata~#{currentTask.taskData.coreProcessCanonicalDoc.processData.currentStep.sla_checkpoint} = &quot;initial&quot;~Set SLA_checkpoint to initial~bizDataActionValueLabel=initial\,bizDataActionFieldLabel=SLA_checkpoint\,bizDataActionValueValue=&quot;initial&quot;\,update_date_action_date_offset_fs_bean_name=update_date_action_date_event2\,bizDataActionFieldValue=#{currentTask.taskData.coreProcessCanonicalDoc.processData.currentStep.sla_checkpoint}\,original.editor.type=,actiontype.invokeservice~#{CoreProcessTaskRuleContext.setCustomId}~Invoke Service &quot;Set Custom Id&quot;~value=CoreProcessTaskRuleContext.setCustomId\,original.editor.type=</attribute><attribute name="eventTypeConditions"></attribute></attributes>
	</rule>
</wm_xt_portalrules></CONTEXT>
	
	    <!-- Setup schedule rules -->
	    <CONTEXT alias="EDC3DD96-F6CA-7C05-B3B9-D1CF57ECE7DE.schedule.rules.storage">
	    
	    <wm_xt_portalrules name="SLA Event" description="" ruleEditingContextURI="EDC3DD96-F6CA-7C05-B3B9-D1CF57ECE7DE.schedule.rule.editing.context" info="1" ruleType="schedule">
	<rule name="SLA Event" description="" ruleEditingContextURI="EDC3DD96-F6CA-7C05-B3B9-D1CF57ECE7DE.schedule.rule.editing.context" ruleType="schedule">
		<condition><and displayName="and" description="AND logical operator"><greaterThen displayName="greaterThen" description="greater then comparison"><bindingExpression constant="#{System.currentDateTime}" displayName="bindingExpression" description="an external binding expression" variableInfo.enabled="false"></bindingExpression><bindingExpression constant="#{DateEventType.resultDateTime}" displayName="bindingExpression" description="an external binding expression" variableInfo.enabled="false"></bindingExpression></greaterThen><boolean constant="true" displayName="boolean" description="a boolean value (true or false)" variableInfo.enabled="false"></boolean></and></condition>
		<result><bindingExpression constant="#{CoreProcessTaskRuleContext.slaHandler.refreshWithTaskId(currentTask.taskInfo.taskID)}" displayName="bindingExpression" description="an external binding expression" variableInfo.enabled="false"></bindingExpression></result>
		<attributes><attribute name="taskDefinitionURI">EDC3DD96-F6CA-7C05-B3B9-D1CF57ECE7DE</attribute><attribute name="origConditionText">(#{System.currentDateTime} &gt; #{DateEventType.resultDateTime}) &amp;&amp; (true)</attribute><attribute name="date_event_type_date_offset_fs_bean_name">DateEventType</attribute><attribute name="ruleSet"></attribute><attribute name="origResultText">#{CoreProcessTaskRuleContext.slaHandler.refreshWithTaskId(currentTask.taskInfo.taskID)}</attribute><attribute name="eventType">datetime.based</attribute><attribute name="eventTypeConditionsJoin">0</attribute><attribute name="calendarDateExprLabel">SLA_date</attribute><attribute name="actionType">false</attribute><attribute name="ruleEditingContextID">task.rule.schedule.context</attribute><attribute name="checkTime">0DT00:01</attribute><attribute name="ruleType">schedule</attribute><attribute name="daysExprLabel">0</attribute><attribute name="startTime">00:00</attribute><attribute name="bizCalendarExprLabel"></attribute><attribute name="useUserPersonalCalendar">false</attribute><attribute name="hoursExprLabel">#{currentTask.taskData.coreProcessCanonicalDoc.processData.currentStep.sla}</attribute><attribute name="minutesExprLabel">0</attribute><attribute name="actions"></attribute><attribute name="eventTypeConditions"></attribute></attributes>
	</rule>
</wm_xt_portalrules></CONTEXT>
	</Mode>
</CONFIG>
