<CONFIG xmlns:xsi="http://www.w3.org/2001/XMLSchema-instance" 
    xsi:noNamespaceSchemaLocation="http://www.webmethods.com/schema/xmlImport.xsd"
>
	<CONTEXT alias="EDC3DD96-F6CA-7C05-B3B9-D1CF57ECE7DE.task.app">
		<folder name="Core Process Task Details" description="Core Process Task Details" alias="EDC3DD96-F6CA-7C05-B3B9-D1CF57ECE7DE.task.app.details.page" isTaskFolder="false">
            <page>
            	<row>
            		<column>
            			<core_process_project___coreprocesstaskoverview name="Task View" alias="EDC3DD96-F6CA-7C05-B3B9-D1CF57ECE7DE.task.app.details.portlet">
                            <layout name="titlebar" value="false"/>
                            <layout name="border" value="false"/>            			
            			</core_process_project___coreprocesstaskoverview>             			
                    </column>
                </row>
                <hobos/>
            </page>
        </folder>
        <core_process_project___coreprocesstaskview name="New Task View" alias="EDC3DD96-F6CA-7C05-B3B9-D1CF57ECE7DE.task.app.details.view.portlet">
                            <layout name="titlebar" value="false"/>
                            <layout name="border" value="false"/>            			
        </core_process_project___coreprocesstaskview> 
    </CONTEXT>
</CONFIG>
