<!-- Task definition file -->
<CONFIG xmlns:xsi="http://www.w3.org/2001/XMLSchema-instance" 
    xsi:noNamespaceSchemaLocation="http://www.webmethods.com/schema/xmlImport.xsd"
    taskId="EDC3DD96-F6CA-7C05-B3B9-D1CF57ECE7DE" 
    displayName="Core Process Task" 
    clientBeanName="CoreProcessTask" 
    ruleContextBeanName="CoreProcessTaskRuleContext"
>
    <!-- Setup rules storage -->
    <CONTEXT alias="task.rules.storage">
        <folder name="EDC3DD96-F6CA-7C05-B3B9-D1CF57ECE7DE Rules" alias="EDC3DD96-F6CA-7C05-B3B9-D1CF57ECE7DE.rules.storage">
            <folder name="Assignment" alias="EDC3DD96-F6CA-7C05-B3B9-D1CF57ECE7DE.routing.rules.storage"/>
            <folder name="Filters" alias="EDC3DD96-F6CA-7C05-B3B9-D1CF57ECE7DE.filter.rules.storage"/>
            <folder name="Change Rules" alias="EDC3DD96-F6CA-7C05-B3B9-D1CF57ECE7DE.change.rules.storage"/>
            <folder name="Schedule" alias="EDC3DD96-F6CA-7C05-B3B9-D1CF57ECE7DE.schedule.rules.storage"/>
            <folder name="Delegation" alias="EDC3DD96-F6CA-7C05-B3B9-D1CF57ECE7DE.delegation.rules.storage"/>
            <folder name="Rule Editing Context Storage" alias="EDC3DD96-F6CA-7C05-B3B9-D1CF57ECE7DE.context.storage"/>
        </folder>
    </CONTEXT>
    
    <!-- saved search storage -->
    <CONTEXT alias="folder.search.saved">
    	<folder name="EDC3DD96-F6CA-7C05-B3B9-D1CF57ECE7DE Saved Searches" alias="EDC3DD96-F6CA-7C05-B3B9-D1CF57ECE7DE.saved.search.storage">
    		<folder name="Global Searches" alias="EDC3DD96-F6CA-7C05-B3B9-D1CF57ECE7DE.saved.search.global.storage"/>
    	</folder>
    </CONTEXT>

	<!-- subscription storage -->
	<CONTEXT alias="task.subscriptions.storage">
		<Mode type="sync">
	        <folder name="EDC3DD96-F6CA-7C05-B3B9-D1CF57ECE7DE Subscriptions" alias="EDC3DD96-F6CA-7C05-B3B9-D1CF57ECE7DE.subscriptions.storage">
			</folder>
		</Mode>    
    </CONTEXT>

    <!-- setup test task application -->
    <CONTEXT alias="task.definition.storage">
        <wm_xt_task_definition
        	name="EDC3DD96-F6CA-7C05-B3B9-D1CF57ECE7DE"
        	description="Core Process Task" 
        	isHpstraEnabled="false"
        	alias="EDC3DD96-F6CA-7C05-B3B9-D1CF57ECE7DE,EDC3DD96-F6CA-7C05-B3B9-D1CF57ECE7DE.definition" 
        	audit_options="65535" 
        	task_data_impl_class="caf.war.Core_Process_Project.taskclient.CoreProcessTask$TaskData"
            isEnabled="true"
            isVotingSupported="true"
            isVotable="false"
            distr_rules_folder_uri="EDC3DD96-F6CA-7C05-B3B9-D1CF57ECE7DE.routing.rules.storage" 
            distr_filter_folder_uri="EDC3DD96-F6CA-7C05-B3B9-D1CF57ECE7DE.filter.rules.storage" 
            trigger_rules_folder_uri="EDC3DD96-F6CA-7C05-B3B9-D1CF57ECE7DE.change.rules.storage" 
            schedule_rules_folder_uri="EDC3DD96-F6CA-7C05-B3B9-D1CF57ECE7DE.schedule.rules.storage"
            delegation_rules_folder_uri="EDC3DD96-F6CA-7C05-B3B9-D1CF57ECE7DE.delegation.rules.storage" 
            task_client_name="CoreProcessTask"
            subscriptions_folder="EDC3DD96-F6CA-7C05-B3B9-D1CF57ECE7DE.subscriptions.storage"
			task_app_name="core_process_project"
			task_description="Core Process Task" 
			comment_storage_type=""
			attach_storage_type=""
			task_type_id="EDC3DD96-F6CA-7C05-B3B9-D1CF57ECE7DE"
			collab_tasks="EDC3DD96-F6CA-7C05-B3B9-D1CF57ECE7DE"
			indexTableDis="&lt;displayIndexTable&gt;&lt;tableName&gt;{0}&lt;/tableName&gt;&lt;displayTableName&gt;{1}&lt;/displayTableName&gt;&lt;displayFields/&gt;&lt;/displayIndexTable&gt;"
			hpstraTableDis="&lt;hpstraIndexTable&gt;&lt;displayFields/&gt;&lt;/hpstraIndexTable&gt;"
			
			taskVotingTable=""
			
         view_task_portlet_uri="/portlet/core_process_project___coreprocesstaskoverview" parent_task_type_id=""/>
    </CONTEXT>

    <!-- Setup Rule editing contexts -->
    <CONTEXT alias="folder.rule.contexts">
        <wm_task_rule_editing_context 
        	name="EDC3DD96-F6CA-7C05-B3B9-D1CF57ECE7DE Assignment" 
        	alias="EDC3DD96-F6CA-7C05-B3B9-D1CF57ECE7DE.distrib.rule.editing.context" 
        	ruleType="distribution"
            taskDefinitionURI="EDC3DD96-F6CA-7C05-B3B9-D1CF57ECE7DE.definition" 
            rulesStorageFolder="EDC3DD96-F6CA-7C05-B3B9-D1CF57ECE7DE.routing.rules.storage"/>
            
        <wm_task_rule_editing_context 
        	name="EDC3DD96-F6CA-7C05-B3B9-D1CF57ECE7DE Filters" 
        	alias="EDC3DD96-F6CA-7C05-B3B9-D1CF57ECE7DE.distrib.filter.rule.editing.context" 
        	ruleType="distribution.filter"
            taskDefinitionURI="EDC3DD96-F6CA-7C05-B3B9-D1CF57ECE7DE.definition" 
            rulesStorageFolder="EDC3DD96-F6CA-7C05-B3B9-D1CF57ECE7DE.filter.rules.storage"/>

        <wm_task_rule_editing_context 
        	name="EDC3DD96-F6CA-7C05-B3B9-D1CF57ECE7DE Change Rules" 
        	alias="EDC3DD96-F6CA-7C05-B3B9-D1CF57ECE7DE.trigger.rule.editing.context" 
        	ruleType="trigger"
            taskDefinitionURI="EDC3DD96-F6CA-7C05-B3B9-D1CF57ECE7DE.definition" 
            rulesStorageFolder="EDC3DD96-F6CA-7C05-B3B9-D1CF57ECE7DE.change.rules.storage"/>
        
        <wm_task_rule_editing_context 
        	name="EDC3DD96-F6CA-7C05-B3B9-D1CF57ECE7DE Schedule" 
        	alias="EDC3DD96-F6CA-7C05-B3B9-D1CF57ECE7DE.schedule.rule.editing.context" 
        	ruleType="schedule"
            taskDefinitionURI="EDC3DD96-F6CA-7C05-B3B9-D1CF57ECE7DE.definition" 
            rulesStorageFolder="EDC3DD96-F6CA-7C05-B3B9-D1CF57ECE7DE.schedule.rules.storage"/>

        <wm_task_rule_editing_context 
        	name="EDC3DD96-F6CA-7C05-B3B9-D1CF57ECE7DE Delegation" 
        	alias="EDC3DD96-F6CA-7C05-B3B9-D1CF57ECE7DE.delegation.rule.editing.context" 
        	ruleType="delegation"
            taskDefinitionURI="EDC3DD96-F6CA-7C05-B3B9-D1CF57ECE7DE.definition" 
            rulesStorageFolder="EDC3DD96-F6CA-7C05-B3B9-D1CF57ECE7DE.delegation.rules.storage"/>

    </CONTEXT>

    <!-- include task rules file -->
	<include include="/WEB-INF/tasks/EDC3DD96-F6CA-7C05-B3B9-D1CF57ECE7DE/taskRules.xml"/>

	<!-- Publish Task pages -->
	<CONTEXT alias="webm.apps.workflow">
		<folder name="Core Process Task" description="" alias="EDC3DD96-F6CA-7C05-B3B9-D1CF57ECE7DE.task.app" isTaskFolder="true"/>
    </CONTEXT>

	<CONTEXT alias="EDC3DD96-F6CA-7C05-B3B9-D1CF57ECE7DE.task.app">
	    <!-- Setup Rule Admins -->
        <folder name="Manage Assignments" alias="EDC3DD96-F6CA-7C05-B3B9-D1CF57ECE7DE.distribution.rules.admin.page">
          <page>
            <row>
              <column>
          	    <wm_ruleadmin name="Manage Assignments"
	  		  	    alias="EDC3DD96-F6CA-7C05-B3B9-D1CF57ECE7DE.distribution.rules.admin"
              		ruleFolderURI="EDC3DD96-F6CA-7C05-B3B9-D1CF57ECE7DE.routing.rules.storage"
                    ruleTextResourceBundle="com.webmethods.portal.portlet.wm_ruleadmin.resources.RuleadminResources"
                    viewRulesTextKey="text.taskrule.viewrules"
                    evalOrderTextKey="text.taskrule.evalorder"
                    addRuleTextKey="text.taskrule.addrule"
                    modifyRuleTextKey="text.taskrule.modifyrule"
                    cloneRuleTextKey="text.taskrule.clonerule"
                    ruleEditingContextURI="EDC3DD96-F6CA-7C05-B3B9-D1CF57ECE7DE.distrib.rule.editing.context">
                </wm_ruleadmin>
            	<wm_task_search___returnurlbutton name="Return" alias="EDC3DD96-F6CA-7C05-B3B9-D1CF57ECE7DE.distribution.rules.return">
                  <layout name="titlebar" value="false"/> 
                  <layout name="border" value="false"/>            			
            	</wm_task_search___returnurlbutton>
              </column>
            </row>
            <hobos/>
          </page>
        </folder>
        <folder name="Manage Filters" alias="EDC3DD96-F6CA-7C05-B3B9-D1CF57ECE7DE.distribution.filter.rules.admin.page">
          <page>
            <row>
              <column>
          		<wm_ruleadmin name="Manage Filters"
					alias="EDC3DD96-F6CA-7C05-B3B9-D1CF57ECE7DE.distribution.filter.rules.admin"
		            ruleFolderURI="EDC3DD96-F6CA-7C05-B3B9-D1CF57ECE7DE.filter.rules.storage"
        		    ruleTextResourceBundle="com.webmethods.portal.portlet.wm_ruleadmin.resources.RuleadminResources"
		            viewRulesTextKey="text.taskrule.viewrules"
		            evalOrderTextKey="text.taskrule.evalorder"
		            addRuleTextKey="text.taskrule.addrule"
		            modifyRuleTextKey="text.taskrule.modifyrule"
		            cloneRuleTextKey="text.taskrule.clonerule"
		            ruleEditingContextURI="EDC3DD96-F6CA-7C05-B3B9-D1CF57ECE7DE.distrib.filter.rule.editing.context">
        		</wm_ruleadmin>        
            	<wm_task_search___returnurlbutton name="Return" alias="EDC3DD96-F6CA-7C05-B3B9-D1CF57ECE7DE.distribution.filter.rules.return">
                  <layout name="titlebar" value="false"/> 
                  <layout name="border" value="false"/>            			
            	</wm_task_search___returnurlbutton>
              </column>
            </row>
            <hobos/>
          </page>
        </folder>
        <folder name="Manage Change Rules" alias="EDC3DD96-F6CA-7C05-B3B9-D1CF57ECE7DE.trigger.rules.admin.page">
          <page>
            <row>
              <column>
		        <wm_ruleadmin name="Manage Change Rules"
					alias="EDC3DD96-F6CA-7C05-B3B9-D1CF57ECE7DE.trigger.rules.admin"
		            ruleFolderURI="EDC3DD96-F6CA-7C05-B3B9-D1CF57ECE7DE.change.rules.storage"
		            ruleTextResourceBundle="com.webmethods.portal.portlet.wm_ruleadmin.resources.RuleadminResources"
		            viewRulesTextKey="text.taskrule.viewrules"
		            evalOrderTextKey="text.taskrule.evalorder"
		            addRuleTextKey="text.taskrule.addrule"
		            modifyRuleTextKey="text.taskrule.modifyrule"
		            cloneRuleTextKey="text.taskrule.clonerule"
		            ruleEditingContextURI="EDC3DD96-F6CA-7C05-B3B9-D1CF57ECE7DE.trigger.rule.editing.context">
		        </wm_ruleadmin>
            	<wm_task_search___returnurlbutton name="Return" alias="EDC3DD96-F6CA-7C05-B3B9-D1CF57ECE7DE.trigger.rules.return">
                  <layout name="titlebar" value="false"/> 
                  <layout name="border" value="false"/>            			
            	</wm_task_search___returnurlbutton>
              </column>
            </row>
            <hobos/>
          </page>
        </folder>
        <folder name="Manage Schedules" alias="EDC3DD96-F6CA-7C05-B3B9-D1CF57ECE7DE.schedule.rules.admin.page">
          <page>
            <row>
              <column>
		        <wm_ruleadmin name="Manage Schedules"
					alias="EDC3DD96-F6CA-7C05-B3B9-D1CF57ECE7DE.schedule.rules.admin"
		            ruleFolderURI="EDC3DD96-F6CA-7C05-B3B9-D1CF57ECE7DE.schedule.rules.storage"
		            ruleTextResourceBundle="com.webmethods.portal.portlet.wm_ruleadmin.resources.RuleadminResources"
		            viewRulesTextKey="text.taskrule.viewrules"
		            evalOrderTextKey="text.taskrule.evalorder"
		            addRuleTextKey="text.taskrule.addrule"
		            modifyRuleTextKey="text.taskrule.modifyrule"
		            cloneRuleTextKey="text.taskrule.clonerule"
		            ruleEditingContextURI="EDC3DD96-F6CA-7C05-B3B9-D1CF57ECE7DE.schedule.rule.editing.context">
		        </wm_ruleadmin>
            	<wm_task_search___returnurlbutton name="Return" alias="EDC3DD96-F6CA-7C05-B3B9-D1CF57ECE7DE.schedule.rules.return">
                  <layout name="titlebar" value="false"/> 
                  <layout name="border" value="false"/>            			
            	</wm_task_search___returnurlbutton>
              </column>
            </row>
            <hobos/>
          </page>
        </folder>
        <wm_ruleadmin name="Manage Delegations" 
			alias="EDC3DD96-F6CA-7C05-B3B9-D1CF57ECE7DE.delegation.rules.admin"
            ruleFolderURI="EDC3DD96-F6CA-7C05-B3B9-D1CF57ECE7DE.delegation.rules.storage"
            ruleTextResourceBundle="com.webmethods.portal.portlet.wm_ruleadmin.resources.RuleadminResources"
            viewRulesTextKey="text.taskrule.viewrules"
            evalOrderTextKey="text.taskrule.evalorder"
            addRuleTextKey="text.taskrule.addrule"
            modifyRuleTextKey="text.taskrule.modifyrule"
            cloneRuleTextKey="text.taskrule.clonerule"
            ruleEditingContextURI="EDC3DD96-F6CA-7C05-B3B9-D1CF57ECE7DE.delegation.rule.editing.context">
        </wm_ruleadmin>
    </CONTEXT>

	<!-- Start Task -->
	<include include="/WEB-INF/tasks/EDC3DD96-F6CA-7C05-B3B9-D1CF57ECE7DE/taskStart.xml"/>
	
	<!-- Custom Task Details -->
	<include include="/WEB-INF/tasks/EDC3DD96-F6CA-7C05-B3B9-D1CF57ECE7DE/taskDetails.xml"/>
	
	<!-- Custom Inbox Page -->
	<include include="/WEB-INF/tasks/EDC3DD96-F6CA-7C05-B3B9-D1CF57ECE7DE/taskInbox.xml"/>
	
</CONFIG>
