<?xml version="1.0" encoding="UTF-8"?>

<FLOW VERSION="3.0" CLEANUP="true">
  <COMMENT></COMMENT>

  <!-- nodes -->

<INVOKE TIMEOUT="" SERVICE="pub.flow:savePipelineToFile" VALIDATE-IN="$none" VALIDATE-OUT="$none">
  <COMMENT></COMMENT>

  <!-- nodes -->

<MAP MODE="INPUT">
  <MAPTARGET>

<Values version="2.0">
  <record name="xml" javaclass="com.wm.util.Values">
    <value name="node_type">record</value>
    <value name="node_subtype">unknown</value>
    <value name="is_public">false</value>
    <value name="field_name">savePipelineToFileInput</value>
    <value name="field_type">record</value>
    <value name="field_dim">0</value>
    <value name="nillable">true</value>
    <value name="form_qualified">false</value>
    <value name="is_global">false</value>
    <array name="rec_fields" type="record" depth="1">
      <record javaclass="com.wm.util.Values">
        <value name="node_type">field</value>
        <value name="node_subtype">unknown</value>
        <value name="is_public">false</value>
        <value name="field_name">fileName</value>
        <value name="field_type">string</value>
        <value name="field_dim">0</value>
        <value name="nillable">true</value>
        <value name="form_qualified">false</value>
        <value name="is_global">false</value>
      </record>
    </array>
    <value name="modifiable">true</value>
  </record>
</Values>
</MAPTARGET>
  <MAPSOURCE>

<Values version="2.0">
  <record name="xml" javaclass="com.wm.util.Values">
    <value name="node_type">record</value>
    <value name="node_subtype">unknown</value>
    <value name="is_public">false</value>
    <value name="field_type">record</value>
    <value name="field_dim">0</value>
    <value name="nillable">true</value>
    <value name="form_qualified">false</value>
    <value name="is_global">false</value>
    <array name="rec_fields" type="record" depth="1">
    </array>
    <value name="modifiable">true</value>
  </record>
</Values>
</MAPSOURCE>

  <!-- nodes -->

<MAPSET NAME="Setter" OVERWRITE="true" VARIABLES="false" GLOBALVARIABLES="false" FIELD="/fileName;1;0">
  <DATA ENCODING="XMLValues" I18N="true">

<Values version="2.0">
  <value name="xml">VHRprepareRequest</value>
  <record name="type" javaclass="com.wm.util.Values">
    <value name="node_type">field</value>
    <value name="node_subtype">unknown</value>
    <value name="is_public">false</value>
    <value name="field_name">fileName</value>
    <value name="field_type">string</value>
    <value name="field_dim">0</value>
    <value name="nillable">true</value>
    <value name="form_qualified">false</value>
    <value name="is_global">false</value>
  </record>
</Values>
</DATA>
</MAPSET>
</MAP>
</INVOKE>

<INVOKE TIMEOUT="" SERVICE="pub.flow:restorePipelineFromFile" VALIDATE-IN="$none" VALIDATE-OUT="$none" DISABLED="true">
  <COMMENT></COMMENT>

  <!-- nodes -->

<MAP MODE="INPUT">
  <MAPTARGET>

<Values version="2.0">
  <record name="xml" javaclass="com.wm.util.Values">
    <value name="node_type">record</value>
    <value name="node_subtype">unknown</value>
    <value name="is_public">false</value>
    <value name="field_name">restorePipelineFromFileInput</value>
    <value name="field_type">record</value>
    <value name="field_dim">0</value>
    <value name="nillable">true</value>
    <value name="form_qualified">false</value>
    <value name="is_global">false</value>
    <array name="rec_fields" type="record" depth="1">
      <record javaclass="com.wm.util.Values">
        <value name="node_type">field</value>
        <value name="node_subtype">unknown</value>
        <value name="is_public">false</value>
        <value name="field_name">fileName</value>
        <value name="field_type">string</value>
        <value name="field_dim">0</value>
        <value name="nillable">true</value>
        <value name="form_qualified">false</value>
        <value name="is_global">false</value>
      </record>
      <record javaclass="com.wm.util.Values">
        <value name="node_type">field</value>
        <value name="node_subtype">unknown</value>
        <value name="is_public">false</value>
        <value name="field_name">merge</value>
        <value name="field_type">string</value>
        <value name="field_dim">0</value>
        <value name="field_opt">true</value>
        <array name="field_options" type="value" depth="1">
          <value>true</value>
          <value>false</value>
        </array>
        <value name="nillable">true</value>
        <value name="form_qualified">false</value>
        <value name="is_global">false</value>
      </record>
    </array>
    <value name="modifiable">true</value>
  </record>
</Values>
</MAPTARGET>
  <MAPSOURCE>

<Values version="2.0">
  <record name="xml" javaclass="com.wm.util.Values">
    <value name="node_type">record</value>
    <value name="node_subtype">unknown</value>
    <value name="is_public">false</value>
    <value name="field_type">record</value>
    <value name="field_dim">0</value>
    <value name="nillable">true</value>
    <value name="form_qualified">false</value>
    <value name="is_global">false</value>
    <array name="rec_fields" type="record" depth="1">
    </array>
    <value name="modifiable">true</value>
  </record>
</Values>
</MAPSOURCE>

  <!-- nodes -->

<MAPSET NAME="Setter" OVERWRITE="true" VARIABLES="false" GLOBALVARIABLES="false" FIELD="/fileName;1;0">
  <DATA ENCODING="XMLValues" I18N="true">

<Values version="2.0">
  <value name="xml">VHRprepareRequest</value>
  <record name="type" javaclass="com.wm.util.Values">
    <value name="node_type">field</value>
    <value name="node_subtype">unknown</value>
    <value name="is_public">false</value>
    <value name="field_name">fileName</value>
    <value name="field_type">string</value>
    <value name="field_dim">0</value>
    <value name="nillable">true</value>
    <value name="form_qualified">false</value>
    <value name="is_global">false</value>
  </record>
</Values>
</DATA>
</MAPSET>
</MAP>
</INVOKE>

<MAP TIMEOUT="" MODE="STANDALONE" DISABLED="true">
  <COMMENT>old</COMMENT>
  <MAPTARGET>

<Values version="2.0">
  <record name="xml" javaclass="com.wm.util.Values">
    <value name="node_type">record</value>
    <value name="node_subtype">unknown</value>
    <value name="is_public">false</value>
    <value name="field_type">record</value>
    <value name="field_dim">0</value>
    <value name="nillable">true</value>
    <value name="form_qualified">false</value>
    <value name="is_global">false</value>
    <array name="rec_fields" type="record" depth="1">
      <record javaclass="com.wm.util.Values">
        <value name="node_type">unknown</value>
        <value name="node_subtype">unknown</value>
        <value name="is_public">false</value>
        <value name="field_name">fileName</value>
        <value name="field_type">string</value>
        <value name="field_dim">0</value>
        <value name="nillable">true</value>
        <value name="form_qualified">false</value>
        <value name="is_global">false</value>
      </record>
      <record javaclass="com.wm.util.Values">
        <value name="node_type">record</value>
        <value name="node_subtype">unknown</value>
        <value name="is_public">false</value>
        <value name="field_name">coreProcessInput</value>
        <value name="field_type">recref</value>
        <value name="field_dim">0</value>
        <value name="nillable">true</value>
        <value name="form_qualified">false</value>
        <value name="is_global">false</value>
        <value name="modifiable">true</value>
        <value name="rec_ref">SS_Shared_CoreProcess_Services.docs.coreProcess:coreProcessInput</value>
      </record>
      <record javaclass="com.wm.util.Values">
        <value name="node_type">record</value>
        <value name="node_subtype">unknown</value>
        <value name="node_comment"></value>
        <record name="node_hints" javaclass="com.wm.util.Values">
          <value name="field_largerEditor">false</value>
          <value name="field_password">false</value>
        </record>
        <value name="is_public">false</value>
        <value name="field_name">vhrCanonicalDoc</value>
        <value name="field_type">recref</value>
        <value name="field_dim">0</value>
        <value name="wrapper_type">IData</value>
        <value name="nillable">true</value>
        <value name="form_qualified">false</value>
        <value name="is_global">false</value>
        <value name="rec_closed">true</value>
        <value name="modifiable">true</value>
        <value name="rec_ref">SS_SafetyAndSecurity_VHR_Services.docs:VHRCanonicalDoc</value>
      </record>
      <record javaclass="com.wm.util.Values">
        <value name="node_type">record</value>
        <value name="node_subtype">unknown</value>
        <value name="is_public">false</value>
        <value name="field_name">ProcessData</value>
        <value name="field_type">recref</value>
        <value name="field_dim">0</value>
        <value name="nillable">true</value>
        <value name="form_qualified">false</value>
        <value name="is_global">false</value>
        <value name="modifiable">true</value>
        <value name="rec_ref">pub.prt:ProcessData</value>
      </record>
    </array>
    <value name="modifiable">true</value>
  </record>
</Values>
</MAPTARGET>
  <MAPSOURCE>

<Values version="2.0">
  <record name="xml" javaclass="com.wm.util.Values">
    <value name="node_type">record</value>
    <value name="node_subtype">unknown</value>
    <value name="is_public">false</value>
    <value name="field_type">record</value>
    <value name="field_dim">0</value>
    <value name="nillable">true</value>
    <value name="form_qualified">false</value>
    <value name="is_global">false</value>
    <array name="rec_fields" type="record" depth="1">
      <record javaclass="com.wm.util.Values">
        <value name="node_type">unknown</value>
        <value name="node_subtype">unknown</value>
        <value name="is_public">false</value>
        <value name="field_name">fileName</value>
        <value name="field_type">string</value>
        <value name="field_dim">0</value>
        <value name="nillable">true</value>
        <value name="form_qualified">false</value>
        <value name="is_global">false</value>
      </record>
      <record javaclass="com.wm.util.Values">
        <value name="node_type">record</value>
        <value name="node_subtype">unknown</value>
        <value name="node_comment"></value>
        <record name="node_hints" javaclass="com.wm.util.Values">
          <value name="field_largerEditor">false</value>
          <value name="field_password">false</value>
        </record>
        <value name="is_public">false</value>
        <value name="field_name">vhrCanonicalDoc</value>
        <value name="field_type">recref</value>
        <value name="field_dim">0</value>
        <value name="wrapper_type">IData</value>
        <value name="nillable">true</value>
        <value name="form_qualified">false</value>
        <value name="is_global">false</value>
        <value name="rec_closed">true</value>
        <value name="modifiable">true</value>
        <value name="rec_ref">SS_SafetyAndSecurity_VHR_Services.docs:VHRCanonicalDoc</value>
      </record>
      <record javaclass="com.wm.util.Values">
        <value name="node_type">record</value>
        <value name="node_subtype">unknown</value>
        <value name="is_public">false</value>
        <value name="field_name">ProcessData</value>
        <value name="field_type">recref</value>
        <value name="field_dim">0</value>
        <value name="nillable">true</value>
        <value name="form_qualified">false</value>
        <value name="is_global">false</value>
        <value name="modifiable">true</value>
        <value name="rec_ref">pub.prt:ProcessData</value>
      </record>
    </array>
    <value name="modifiable">true</value>
  </record>
</Values>
</MAPSOURCE>

  <!-- nodes -->

<MAPCOPY FROM="/vhrCanonicalDoc;4;0;SS_SafetyAndSecurity_VHR_Services.docs:VHRCanonicalDoc/ServiceRequestDoc;4;0;SS_Shared_Processes_Services.docs:ServiceRequestDoc/headerFields;2;0/requestNumber;1;0" TO="/coreProcessInput;4;0;SS_Shared_CoreProcess_Services.docs.coreProcess:coreProcessInput/HeaderFields;4;0;SS_Shared_CoreProcess_Services.docs.coreProcess:headerFields/requestNumber;1;0" DISABLED="true">
</MAPCOPY>

<MAPCOPY FROM="/vhrCanonicalDoc;4;0;SS_SafetyAndSecurity_VHR_Services.docs:VHRCanonicalDoc/ServiceRequestDoc;4;0;SS_Shared_Processes_Services.docs:ServiceRequestDoc/headerFields;2;0/processName;1;0" TO="/coreProcessInput;4;0;SS_Shared_CoreProcess_Services.docs.coreProcess:coreProcessInput/HeaderFields;4;0;SS_Shared_CoreProcess_Services.docs.coreProcess:headerFields/parentProcessName;1;0" DISABLED="true">
</MAPCOPY>

<MAPCOPY FROM="/vhrCanonicalDoc;4;0;SS_SafetyAndSecurity_VHR_Services.docs:VHRCanonicalDoc/ServiceRequestDoc;4;0;SS_Shared_Processes_Services.docs:ServiceRequestDoc/headerFields;2;0/serviceCode;1;0" TO="/coreProcessInput;4;0;SS_Shared_CoreProcess_Services.docs.coreProcess:coreProcessInput/HeaderFields;4;0;SS_Shared_CoreProcess_Services.docs.coreProcess:headerFields/serviceCode;1;0" DISABLED="true">
</MAPCOPY>

<MAPCOPY FROM="/vhrCanonicalDoc;4;0;SS_SafetyAndSecurity_VHR_Services.docs:VHRCanonicalDoc/ServiceRequestDoc;4;0;SS_Shared_Processes_Services.docs:ServiceRequestDoc/headerFields;2;0/subsidiary;1;0" TO="/coreProcessInput;4;0;SS_Shared_CoreProcess_Services.docs.coreProcess:coreProcessInput/HeaderFields;4;0;SS_Shared_CoreProcess_Services.docs.coreProcess:headerFields/subsidiary;1;0" DISABLED="true">
</MAPCOPY>

<MAPSET NAME="Setter" OVERWRITE="true" VARIABLES="false" GLOBALVARIABLES="false" FIELD="/coreProcessInput;4;0;SS_Shared_CoreProcess_Services.docs.coreProcess:coreProcessInput/HeaderFields;4;0;SS_Shared_CoreProcess_Services.docs.coreProcess:headerFields/wfId;1;0" DISABLED="true">
  <DATA ENCODING="XMLValues" I18N="true">

<Values version="2.0">
  <value name="xml">1</value>
  <record name="type" javaclass="com.wm.util.Values">
    <value name="node_type">record</value>
    <value name="node_subtype">unknown</value>
    <value name="node_comment"></value>
    <record name="node_hints" javaclass="com.wm.util.Values">
      <value name="field_usereditable">true</value>
      <value name="field_largerEditor">false</value>
      <value name="field_password">false</value>
    </record>
    <value name="is_public">false</value>
    <value name="field_name">wfId</value>
    <value name="field_type">string</value>
    <value name="field_dim">0</value>
    <array name="field_options" type="value" depth="1">
    </array>
    <value name="nillable">true</value>
    <value name="form_qualified">false</value>
    <value name="is_global">false</value>
  </record>
</Values>
</DATA>
</MAPSET>

<MAPCOPY FROM="/vhrCanonicalDoc;4;0;SS_SafetyAndSecurity_VHR_Services.docs:VHRCanonicalDoc/ServiceRequestDoc;4;0;SS_Shared_Processes_Services.docs:ServiceRequestDoc/headerFields;2;0/inboxItemId;1;0" TO="/coreProcessInput;4;0;SS_Shared_CoreProcess_Services.docs.coreProcess:coreProcessInput/HeaderFields;4;0;SS_Shared_CoreProcess_Services.docs.coreProcess:headerFields/inboxItemId;1;0" DISABLED="true">
</MAPCOPY>

<MAPSET NAME="Setter" OVERWRITE="true" VARIABLES="false" GLOBALVARIABLES="false" FIELD="/coreProcessInput;4;0;SS_Shared_CoreProcess_Services.docs.coreProcess:coreProcessInput/HeaderFields;4;0;SS_Shared_CoreProcess_Services.docs.coreProcess:headerFields/numberOfResubmits;1;0" DISABLED="true">
  <DATA ENCODING="XMLValues" I18N="true">

<Values version="2.0">
  <value name="xml">0</value>
  <record name="type" javaclass="com.wm.util.Values">
    <value name="node_type">record</value>
    <value name="node_subtype">unknown</value>
    <value name="node_comment"></value>
    <record name="node_hints" javaclass="com.wm.util.Values">
      <value name="field_usereditable">true</value>
      <value name="field_largerEditor">false</value>
      <value name="field_password">false</value>
    </record>
    <value name="is_public">false</value>
    <value name="field_name">numberOfResubmits</value>
    <value name="field_type">string</value>
    <value name="field_dim">0</value>
    <array name="field_options" type="value" depth="1">
    </array>
    <value name="nillable">true</value>
    <value name="form_qualified">false</value>
    <value name="is_global">false</value>
  </record>
</Values>
</DATA>
</MAPSET>

<MAPCOPY FROM="/vhrCanonicalDoc;4;0;SS_SafetyAndSecurity_VHR_Services.docs:VHRCanonicalDoc/ServiceRequestDoc;4;0;SS_Shared_Processes_Services.docs:ServiceRequestDoc/headerFields;2;0/requesterEmail;1;0" TO="/coreProcessInput;4;0;SS_Shared_CoreProcess_Services.docs.coreProcess:coreProcessInput/RequesterData;4;0;SS_Shared_CoreProcess_Services.docs.coreProcess:requesterData/requesterEmail;1;0" DISABLED="true">
</MAPCOPY>

<MAPCOPY FROM="/vhrCanonicalDoc;4;0;SS_SafetyAndSecurity_VHR_Services.docs:VHRCanonicalDoc/ServiceRequestDoc;4;0;SS_Shared_Processes_Services.docs:ServiceRequestDoc/requestData;2;0/requestJSON;1;0" TO="/coreProcessInput;4;0;SS_Shared_CoreProcess_Services.docs.coreProcess:coreProcessInput/RequestData;4;0;SS_Shared_CoreProcess_Services.docs.coreProcess:requestData/requestJSON;1;0" DISABLED="true">
</MAPCOPY>

<MAPCOPY FROM="/vhrCanonicalDoc;4;0;SS_SafetyAndSecurity_VHR_Services.docs:VHRCanonicalDoc/ProcessData;2;0/getEmployeeProfileResponse;4;0;SS_Shared_Adapter_EmployeeProfile.doc.getEmployeeProfile:getEmployeeProfileResponse/getEmployeeProfileResponseBody;4;0;SS_Shared_Adapter_EmployeeProfile.doc.getEmployeeProfile:getEmployeeProfileResponseBody/employeeProfile;2;0/userType;1;0" TO="/coreProcessInput;4;0;SS_Shared_CoreProcess_Services.docs.coreProcess:coreProcessInput/RequesterData;4;0;SS_Shared_CoreProcess_Services.docs.coreProcess:requesterData/requesterType;1;0" DISABLED="true">
</MAPCOPY>

<MAPCOPY FROM="/vhrCanonicalDoc;4;0;SS_SafetyAndSecurity_VHR_Services.docs:VHRCanonicalDoc/ProcessData;2;0/getEmployeeProfileResponse;4;0;SS_Shared_Adapter_EmployeeProfile.doc.getEmployeeProfile:getEmployeeProfileResponse/getEmployeeProfileResponseBody;4;0;SS_Shared_Adapter_EmployeeProfile.doc.getEmployeeProfile:getEmployeeProfileResponseBody/employeeProfile;2;0/role;1;0" TO="/coreProcessInput;4;0;SS_Shared_CoreProcess_Services.docs.coreProcess:coreProcessInput/RequesterData;4;0;SS_Shared_CoreProcess_Services.docs.coreProcess:requesterData/requesterRole;1;0" DISABLED="true">
</MAPCOPY>

<MAPCOPY FROM="/vhrCanonicalDoc;4;0;SS_SafetyAndSecurity_VHR_Services.docs:VHRCanonicalDoc/ProcessData;2;0/getEmployeeProfileResponse;4;0;SS_Shared_Adapter_EmployeeProfile.doc.getEmployeeProfile:getEmployeeProfileResponse/getEmployeeProfileResponseBody;4;0;SS_Shared_Adapter_EmployeeProfile.doc.getEmployeeProfile:getEmployeeProfileResponseBody/employeeProfile;2;0/manager;2;0/email;1;0" TO="/coreProcessInput;4;0;SS_Shared_CoreProcess_Services.docs.coreProcess:coreProcessInput/RequesterData;4;0;SS_Shared_CoreProcess_Services.docs.coreProcess:requesterData/requesterDMEmail;1;0" DISABLED="true">
</MAPCOPY>

<MAPCOPY FROM="/vhrCanonicalDoc;4;0;SS_SafetyAndSecurity_VHR_Services.docs:VHRCanonicalDoc/ProcessData;2;0/getEmployeeProfileResponse;4;0;SS_Shared_Adapter_EmployeeProfile.doc.getEmployeeProfile:getEmployeeProfileResponse/getEmployeeProfileResponseBody;4;0;SS_Shared_Adapter_EmployeeProfile.doc.getEmployeeProfile:getEmployeeProfileResponseBody/employeeProfile;2;0/manager;2;0/role;1;0" TO="/coreProcessInput;4;0;SS_Shared_CoreProcess_Services.docs.coreProcess:coreProcessInput/RequesterData;4;0;SS_Shared_CoreProcess_Services.docs.coreProcess:requesterData/requesterDMRole;1;0" DISABLED="true">
</MAPCOPY>

<MAPCOPY FROM="/ProcessData;4;0;pub.prt:ProcessData/ProcessInstanceID;1;0" TO="/coreProcessInput;4;0;SS_Shared_CoreProcess_Services.docs.coreProcess:coreProcessInput/HeaderFields;4;0;SS_Shared_CoreProcess_Services.docs.coreProcess:headerFields/parentProcessInstanceId;1;0" DISABLED="true">
</MAPCOPY>
</MAP>

<MAP TIMEOUT="" MODE="STANDALONE">
  <COMMENT></COMMENT>
  <MAPTARGET>

<Values version="2.0">
  <record name="xml" javaclass="com.wm.util.Values">
    <value name="node_type">record</value>
    <value name="node_subtype">unknown</value>
    <value name="is_public">false</value>
    <value name="field_type">record</value>
    <value name="field_dim">0</value>
    <value name="nillable">true</value>
    <value name="form_qualified">false</value>
    <value name="is_global">false</value>
    <array name="rec_fields" type="record" depth="1">
      <record javaclass="com.wm.util.Values">
        <value name="node_type">unknown</value>
        <value name="node_subtype">unknown</value>
        <value name="is_public">false</value>
        <value name="field_name">fileName</value>
        <value name="field_type">string</value>
        <value name="field_dim">0</value>
        <value name="nillable">true</value>
        <value name="form_qualified">false</value>
        <value name="is_global">false</value>
      </record>
      <record javaclass="com.wm.util.Values">
        <value name="node_type">record</value>
        <value name="node_subtype">unknown</value>
        <value name="is_public">false</value>
        <value name="field_name">coreProcessInput</value>
        <value name="field_type">recref</value>
        <value name="field_dim">0</value>
        <value name="nillable">true</value>
        <value name="form_qualified">false</value>
        <value name="is_global">false</value>
        <value name="modifiable">true</value>
        <value name="rec_ref">SS_Shared_CoreProcess_Services.docs.coreProcess:coreProcessInput</value>
      </record>
      <record javaclass="com.wm.util.Values">
        <value name="node_type">record</value>
        <value name="node_subtype">unknown</value>
        <value name="is_public">false</value>
        <value name="field_name">ProcessData</value>
        <value name="field_type">recref</value>
        <value name="field_dim">0</value>
        <value name="nillable">true</value>
        <value name="form_qualified">false</value>
        <value name="is_global">false</value>
        <value name="modifiable">true</value>
        <value name="rec_ref">pub.prt:ProcessData</value>
      </record>
      <record javaclass="com.wm.util.Values">
        <value name="node_type">record</value>
        <value name="node_subtype">unknown</value>
        <value name="node_comment"></value>
        <record name="node_hints" javaclass="com.wm.util.Values">
          <value name="field_largerEditor">false</value>
          <value name="field_password">false</value>
        </record>
        <value name="is_public">false</value>
        <value name="field_name">vhrCanonicalDoc</value>
        <value name="field_type">recref</value>
        <value name="field_dim">0</value>
        <value name="wrapper_type">IData</value>
        <value name="nillable">true</value>
        <value name="form_qualified">false</value>
        <value name="is_global">false</value>
        <value name="rec_closed">true</value>
        <value name="modifiable">true</value>
        <value name="rec_ref">SS_SafetyAndSecurity_VHR_Services.docs:VHRCanonicalDoc</value>
      </record>
    </array>
    <value name="modifiable">true</value>
  </record>
</Values>
</MAPTARGET>
  <MAPSOURCE>

<Values version="2.0">
  <record name="xml" javaclass="com.wm.util.Values">
    <value name="node_type">record</value>
    <value name="node_subtype">unknown</value>
    <value name="is_public">false</value>
    <value name="field_type">record</value>
    <value name="field_dim">0</value>
    <value name="nillable">true</value>
    <value name="form_qualified">false</value>
    <value name="is_global">false</value>
    <array name="rec_fields" type="record" depth="1">
      <record javaclass="com.wm.util.Values">
        <value name="node_type">unknown</value>
        <value name="node_subtype">unknown</value>
        <value name="is_public">false</value>
        <value name="field_name">fileName</value>
        <value name="field_type">string</value>
        <value name="field_dim">0</value>
        <value name="nillable">true</value>
        <value name="form_qualified">false</value>
        <value name="is_global">false</value>
      </record>
      <record javaclass="com.wm.util.Values">
        <value name="node_type">record</value>
        <value name="node_subtype">unknown</value>
        <value name="is_public">false</value>
        <value name="field_name">ProcessData</value>
        <value name="field_type">recref</value>
        <value name="field_dim">0</value>
        <value name="nillable">true</value>
        <value name="form_qualified">false</value>
        <value name="is_global">false</value>
        <value name="modifiable">true</value>
        <value name="rec_ref">pub.prt:ProcessData</value>
      </record>
      <record javaclass="com.wm.util.Values">
        <value name="node_type">record</value>
        <value name="node_subtype">unknown</value>
        <value name="node_comment"></value>
        <record name="node_hints" javaclass="com.wm.util.Values">
          <value name="field_largerEditor">false</value>
          <value name="field_password">false</value>
        </record>
        <value name="is_public">false</value>
        <value name="field_name">vhrCanonicalDoc</value>
        <value name="field_type">recref</value>
        <value name="field_dim">0</value>
        <value name="wrapper_type">IData</value>
        <value name="nillable">true</value>
        <value name="form_qualified">false</value>
        <value name="is_global">false</value>
        <value name="rec_closed">true</value>
        <value name="modifiable">true</value>
        <value name="rec_ref">SS_SafetyAndSecurity_VHR_Services.docs:VHRCanonicalDoc</value>
      </record>
    </array>
    <value name="modifiable">true</value>
  </record>
</Values>
</MAPSOURCE>

  <!-- nodes -->

<MAPCOPY FROM="/vhrCanonicalDoc;4;0;SS_SafetyAndSecurity_VHR_Services.docs:VHRCanonicalDoc/ServiceRequestDoc;4;0;SS_Shared_Processes_Services.docs:ServiceRequestDoc/headerFields;2;0/requestNumber;1;0" TO="/coreProcessInput;4;0;SS_Shared_CoreProcess_Services.docs.coreProcess:coreProcessInput/HeaderFields;4;0;SS_Shared_CoreProcess_Services.docs.coreProcess:headerFields/requestNumber;1;0">
</MAPCOPY>

<MAPCOPY FROM="/vhrCanonicalDoc;4;0;SS_SafetyAndSecurity_VHR_Services.docs:VHRCanonicalDoc/ServiceRequestDoc;4;0;SS_Shared_Processes_Services.docs:ServiceRequestDoc/headerFields;2;0/processName;1;0" TO="/coreProcessInput;4;0;SS_Shared_CoreProcess_Services.docs.coreProcess:coreProcessInput/HeaderFields;4;0;SS_Shared_CoreProcess_Services.docs.coreProcess:headerFields/parentProcessName;1;0">
</MAPCOPY>

<MAPCOPY FROM="/vhrCanonicalDoc;4;0;SS_SafetyAndSecurity_VHR_Services.docs:VHRCanonicalDoc/ServiceRequestDoc;4;0;SS_Shared_Processes_Services.docs:ServiceRequestDoc/headerFields;2;0/serviceCode;1;0" TO="/coreProcessInput;4;0;SS_Shared_CoreProcess_Services.docs.coreProcess:coreProcessInput/HeaderFields;4;0;SS_Shared_CoreProcess_Services.docs.coreProcess:headerFields/serviceCode;1;0">
</MAPCOPY>

<MAPCOPY FROM="/vhrCanonicalDoc;4;0;SS_SafetyAndSecurity_VHR_Services.docs:VHRCanonicalDoc/ServiceRequestDoc;4;0;SS_Shared_Processes_Services.docs:ServiceRequestDoc/headerFields;2;0/subsidiary;1;0" TO="/coreProcessInput;4;0;SS_Shared_CoreProcess_Services.docs.coreProcess:coreProcessInput/HeaderFields;4;0;SS_Shared_CoreProcess_Services.docs.coreProcess:headerFields/subsidiary;1;0">
</MAPCOPY>

<MAPCOPY FROM="/vhrCanonicalDoc;4;0;SS_SafetyAndSecurity_VHR_Services.docs:VHRCanonicalDoc/ServiceRequestDoc;4;0;SS_Shared_Processes_Services.docs:ServiceRequestDoc/headerFields;2;0/inboxItemId;1;0" TO="/coreProcessInput;4;0;SS_Shared_CoreProcess_Services.docs.coreProcess:coreProcessInput/HeaderFields;4;0;SS_Shared_CoreProcess_Services.docs.coreProcess:headerFields/inboxItemId;1;0">
</MAPCOPY>

<MAPSET NAME="Setter" OVERWRITE="true" VARIABLES="false" GLOBALVARIABLES="false" FIELD="/coreProcessInput;4;0;SS_Shared_CoreProcess_Services.docs.coreProcess:coreProcessInput/HeaderFields;4;0;SS_Shared_CoreProcess_Services.docs.coreProcess:headerFields/numberOfResubmits;1;0">
  <DATA ENCODING="XMLValues" I18N="true">

<Values version="2.0">
  <value name="xml">0</value>
  <record name="type" javaclass="com.wm.util.Values">
    <value name="node_type">record</value>
    <value name="node_subtype">unknown</value>
    <value name="node_comment"></value>
    <record name="node_hints" javaclass="com.wm.util.Values">
      <value name="field_usereditable">true</value>
      <value name="field_largerEditor">false</value>
      <value name="field_password">false</value>
    </record>
    <value name="is_public">false</value>
    <value name="field_name">numberOfResubmits</value>
    <value name="field_type">string</value>
    <value name="field_dim">0</value>
    <array name="field_options" type="value" depth="1">
    </array>
    <value name="nillable">true</value>
    <value name="form_qualified">false</value>
    <value name="is_global">false</value>
  </record>
</Values>
</DATA>
</MAPSET>

<MAPCOPY FROM="/vhrCanonicalDoc;4;0;SS_SafetyAndSecurity_VHR_Services.docs:VHRCanonicalDoc/ServiceRequestDoc;4;0;SS_Shared_Processes_Services.docs:ServiceRequestDoc/headerFields;2;0/requesterEmail;1;0" TO="/coreProcessInput;4;0;SS_Shared_CoreProcess_Services.docs.coreProcess:coreProcessInput/RequesterData;4;0;SS_Shared_CoreProcess_Services.docs.coreProcess:requesterData/requesterEmail;1;0">
</MAPCOPY>

<MAPCOPY FROM="/vhrCanonicalDoc;4;0;SS_SafetyAndSecurity_VHR_Services.docs:VHRCanonicalDoc/ServiceRequestDoc;4;0;SS_Shared_Processes_Services.docs:ServiceRequestDoc/requestData;2;0/requestJSON;1;0" TO="/coreProcessInput;4;0;SS_Shared_CoreProcess_Services.docs.coreProcess:coreProcessInput/RequestData;4;0;SS_Shared_CoreProcess_Services.docs.coreProcess:requestData/requestJSON;1;0">
</MAPCOPY>

<MAPCOPY FROM="/ProcessData;4;0;pub.prt:ProcessData/ProcessInstanceID;1;0" TO="/coreProcessInput;4;0;SS_Shared_CoreProcess_Services.docs.coreProcess:coreProcessInput/HeaderFields;4;0;SS_Shared_CoreProcess_Services.docs.coreProcess:headerFields/parentProcessInstanceId;1;0">
</MAPCOPY>

<MAPCOPY FROM="/vhrCanonicalDoc;4;0;SS_SafetyAndSecurity_VHR_Services.docs:VHRCanonicalDoc/ProcessData;2;0/requesterRole;1;0" TO="/coreProcessInput;4;0;SS_Shared_CoreProcess_Services.docs.coreProcess:coreProcessInput/RequesterData;4;0;SS_Shared_CoreProcess_Services.docs.coreProcess:requesterData/requesterRole;1;0">
</MAPCOPY>

<MAPCOPY FROM="/vhrCanonicalDoc;4;0;SS_SafetyAndSecurity_VHR_Services.docs:VHRCanonicalDoc/ProcessData;2;0/requesterType;1;0" TO="/coreProcessInput;4;0;SS_Shared_CoreProcess_Services.docs.coreProcess:coreProcessInput/RequesterData;4;0;SS_Shared_CoreProcess_Services.docs.coreProcess:requesterData/requesterType;1;0">
</MAPCOPY>

<MAPCOPY FROM="/vhrCanonicalDoc;4;0;SS_SafetyAndSecurity_VHR_Services.docs:VHRCanonicalDoc/ProcessData;2;0/managerEmail;1;0" TO="/coreProcessInput;4;0;SS_Shared_CoreProcess_Services.docs.coreProcess:coreProcessInput/RequesterData;4;0;SS_Shared_CoreProcess_Services.docs.coreProcess:requesterData/requesterDMEmail;1;0">
</MAPCOPY>

<MAPCOPY FROM="/vhrCanonicalDoc;4;0;SS_SafetyAndSecurity_VHR_Services.docs:VHRCanonicalDoc/ProcessData;2;0/managerRole;1;0" TO="/coreProcessInput;4;0;SS_Shared_CoreProcess_Services.docs.coreProcess:coreProcessInput/RequesterData;4;0;SS_Shared_CoreProcess_Services.docs.coreProcess:requesterData/requesterDMRole;1;0">
</MAPCOPY>

<MAPCOPY FROM="/vhrCanonicalDoc;4;0;SS_SafetyAndSecurity_VHR_Services.docs:VHRCanonicalDoc/ServiceRequestDoc;4;0;SS_Shared_Processes_Services.docs:ServiceRequestDoc/headerFields;2;0/globalTransactionId;1;0" TO="/coreProcessInput;4;0;SS_Shared_CoreProcess_Services.docs.coreProcess:coreProcessInput/HeaderFields;4;0;SS_Shared_CoreProcess_Services.docs.coreProcess:headerFields/globalTransactionId;1;0">
</MAPCOPY>

<MAPCOPY FROM="/vhrCanonicalDoc;4;0;SS_SafetyAndSecurity_VHR_Services.docs:VHRCanonicalDoc/ServiceRequestDoc;4;0;SS_Shared_Processes_Services.docs:ServiceRequestDoc/currentStep;4;0;SS_Shared_CoreProcess_Services.docs.coreProcess:approvalStepsDetails" TO="/coreProcessInput;4;0;SS_Shared_CoreProcess_Services.docs.coreProcess:coreProcessInput/ApprovalStepsDetails[0];4;1;SS_Shared_CoreProcess_Services.docs.coreProcess:approvalStepsDetails">
</MAPCOPY>

<MAPSET NAME="Setter" OVERWRITE="true" VARIABLES="false" GLOBALVARIABLES="false" FIELD="/coreProcessInput;4;0;SS_Shared_CoreProcess_Services.docs.coreProcess:coreProcessInput/HeaderFields;4;0;SS_Shared_CoreProcess_Services.docs.coreProcess:headerFields/wfId;1;0">
  <DATA ENCODING="XMLValues" I18N="true">

<Values version="2.0">
  <value name="xml">WF2</value>
  <record name="type" javaclass="com.wm.util.Values">
    <value name="node_type">record</value>
    <value name="node_subtype">unknown</value>
    <value name="node_comment"></value>
    <record name="node_hints" javaclass="com.wm.util.Values">
      <value name="field_usereditable">true</value>
      <value name="field_largerEditor">false</value>
      <value name="field_password">false</value>
    </record>
    <value name="is_public">false</value>
    <value name="field_name">wfId</value>
    <value name="field_type">string</value>
    <value name="field_dim">0</value>
    <array name="field_options" type="value" depth="1">
    </array>
    <value name="nillable">true</value>
    <value name="form_qualified">false</value>
    <value name="is_global">false</value>
  </record>
</Values>
</DATA>
</MAPSET>
</MAP>
</FLOW>
