<?xml version="1.0" encoding="UTF-8" standalone="yes"?>
<portlet-app version="1.0" xmlns="http://java.sun.com/xml/ns/portlet/portlet-app_1_0.xsd" xmlns:xsi="http://www.w3.org/2001/XMLSchema-instance" xsi:schemaLocation="http://java.sun.com/xml/ns/portlet/portlet-app_1_0.xsd http://java.sun.com/xml/ns/portlet/portlet-app_1_0.xsd ">
	<portlet>
		<portlet-name>CoreProcessTaskView</portlet-name>
		<portlet-class>com.webmethods.caf.faces.portlet.FacesPortlet</portlet-class>
		<init-param>
			<name>ANNOTATED_PORTLET_ACTIONS</name>
			<value>true</value>
		</init-param>
		<init-param>
			<name>com.webmethods.caf.faces.portlet.INIT_VIEW</name>
			<value>/CoreProcessTaskView/default.xhtml</value>
		</init-param>
		<supports>
			<mime-type>text/html</mime-type>
			<portlet-mode>view</portlet-mode>
		</supports>
		<supported-locale>en</supported-locale>
		<resource-bundle>caf.war.Core_Process_Project.coreprocesstaskview.CoreProcessTaskViewResources</resource-bundle>
		<portlet-info>
			<title>Core Process Task View</title>
			<short-title>CoreProcessTaskView</short-title>
			<keywords>task,EDC3DD96-F6CA-7C05-B3B9-D1CF57ECE7DE,view</keywords>
		</portlet-info>
		<portlet-preferences>
			<preference>
				<name>taskID</name>
				<read-only>false</read-only>
			</preference>
			<preference>
				<name>cancelUrl</name>
				<read-only>false</read-only>
			</preference>
			<preference>
				<name>finishUrl</name>
				<read-only>false</read-only>
			</preference>
		</portlet-preferences>
	</portlet>
	<portlet>
		<portlet-name>CoreProcessTaskOverview</portlet-name>
		<portlet-class>com.webmethods.caf.faces.portlet.FacesPortlet</portlet-class>
		<init-param>
			<name>ANNOTATED_PORTLET_ACTIONS</name>
			<value>true</value>
		</init-param>
		<init-param>
			<name>com.webmethods.caf.faces.portlet.INIT_VIEW</name>
			<value>/CoreProcessTaskOverview/default.xhtml</value>
		</init-param>
		<supports>
			<mime-type>text/html</mime-type>
			<portlet-mode>view</portlet-mode>
		</supports>
		<supported-locale>en</supported-locale>
		<resource-bundle>caf.war.Core_Process_Project.coreprocesstaskoverview.CoreProcessTaskOverviewResources</resource-bundle>
		<portlet-info>
			<title>Core Process Task Overview</title>
			<short-title>CoreProcessTaskOverview</short-title>
			<keywords>task,EDC3DD96-F6CA-7C05-B3B9-D1CF57ECE7DE,overview</keywords>
		</portlet-info>
		<portlet-preferences>
			<preference>
				<name>taskID</name>
				<read-only>false</read-only>
			</preference>
			<preference>
				<name>cancelUrl</name>
				<read-only>false</read-only>
			</preference>
			<preference>
				<name>finishUrl</name>
				<read-only>false</read-only>
			</preference>
			<preference>
				<name>currentTab</name>
				<value>TaskData</value>
				<read-only>false</read-only>
			</preference>
		</portlet-preferences>
	</portlet>
	<user-attribute>
		<name>user.default.time_zone</name>
	</user-attribute>
	<user-attribute>
		<name>user.default.time.format</name>
	</user-attribute>
	<user-attribute>
		<name>user.default.date.format</name>
	</user-attribute>
	<user-attribute>
		<name>user.default.number.format</name>
	</user-attribute>
</portlet-app>