<CONFIG xmlns:xsi="http://www.w3.org/2001/XMLSchema-instance" 
    xsi:noNamespaceSchemaLocation="http://www.webmethods.com/schema/xmlImport.xsd"
>
	
<context alias="webm.func.priv.task.engine">
	<Mode type="sync">
		<wm_xt_fabricfolder name="Core Process Task Task" alias="EDC3DD96-F6CA-7C05-B3B9-D1CF57ECE7DE.privileges" description="Container with standard task privileges">
			<wm_xt_fabricfolder name="Tasks Administration">
				<basic name="Tasks Administration" description="Privilege to administer other people's tasks. This is required in order to be able to access tasks from Task List Management" alias="EDC3DD96-F6CA-7C05-B3B9-D1CF57ECE7DE.privilege.admin" allowEdit="false" />
				<basic name="Update Task Type" description="Privilege to modify properties of a task type" alias="EDC3DD96-F6CA-7C05-B3B9-D1CF57ECE7DE.privilege.modifytasktype" allowEdit="false" />
				<basic name="Delete Task Type" description="Privilege to delete a task type" alias="EDC3DD96-F6CA-7C05-B3B9-D1CF57ECE7DE.privilege.deletetasktype" allowEdit="false" />
				<basic name="Queue New Task Instance" description="Privilege to queue new task of this type" alias="EDC3DD96-F6CA-7C05-B3B9-D1CF57ECE7DE.privilege.queuetask" allowEdit="false" />
			</wm_xt_fabricfolder>
			<wm_xt_fabricfolder name="Tasks Management">
				<basic name="View Task Data" description="Privilege to view task business data. This is required in order to be able to search for tasks in the Inbox and Task List Management" alias="EDC3DD96-F6CA-7C05-B3B9-D1CF57ECE7DE.privilege.viewdata" allowEdit="false" />
				<basic name="View Task Info" description="Privilege to view general task info" alias="EDC3DD96-F6CA-7C05-B3B9-D1CF57ECE7DE.privilege.viewinfo" allowEdit="false" />
				<basic name="View Task Audit" description="Privilege to view task audit trail" alias="EDC3DD96-F6CA-7C05-B3B9-D1CF57ECE7DE.privilege.viewaudit" allowEdit="false" />
				<basic name="Complete Task" description="Privilege to complete a task" alias="EDC3DD96-F6CA-7C05-B3B9-D1CF57ECE7DE.privilege.complete" allowEdit="false" />			
				<basic name="Cancel Task" description="Privilege to cancel a task" alias="EDC3DD96-F6CA-7C05-B3B9-D1CF57ECE7DE.privilege.cancel" allowEdit="false" />			
				<basic name="Suspend Task" description="Privilege to suspend a task" alias="EDC3DD96-F6CA-7C05-B3B9-D1CF57ECE7DE.privilege.suspend" allowEdit="false" />			
				<basic name="Resume Task" description="Privilege to resume a task" alias="EDC3DD96-F6CA-7C05-B3B9-D1CF57ECE7DE.privilege.resume" allowEdit="false" />			
				<basic name="Delegate Task" description="Privilege to delegate a task to people" alias="EDC3DD96-F6CA-7C05-B3B9-D1CF57ECE7DE.privilege.delegate" allowEdit="false" />			
				<basic name="Accept Task" description="Privilege to accept/unaccept a task to on behalf of other people" alias="EDC3DD96-F6CA-7C05-B3B9-D1CF57ECE7DE.privilege.accept" allowEdit="false" />			
				<basic name="Assign Task" description="Privilege to assign the task to people" alias="EDC3DD96-F6CA-7C05-B3B9-D1CF57ECE7DE.privilege.assign" allowEdit="false" />
				<basic name="Modify Task Data" description="Privilege to modify task business data" alias="EDC3DD96-F6CA-7C05-B3B9-D1CF57ECE7DE.privilege.modifydata" allowEdit="false" />
				<basic name="Modify Task Info" description="Privilege to modify task general info" alias="EDC3DD96-F6CA-7C05-B3B9-D1CF57ECE7DE.privilege.modifyinfo" allowEdit="false" />
				<basic name="Subscribe to a Task" description="Privilege to subscribe to task notifications" alias="EDC3DD96-F6CA-7C05-B3B9-D1CF57ECE7DE.privilege.subscribe" allowEdit="false" />
				<basic name="Rollback Task" description="Privilege to rollback task state from audit trail" alias="EDC3DD96-F6CA-7C05-B3B9-D1CF57ECE7DE.privilege.rollback" allowEdit="false" />
				<basic name="Delete Task" description="Privilege to delete a task" alias="EDC3DD96-F6CA-7C05-B3B9-D1CF57ECE7DE.privilege.delete" allowEdit="false" />
			</wm_xt_fabricfolder>
			<wm_xt_fabricfolder name="Rules Management">
				<basic name="Create New Rule" description="Privilege to create new task rule" alias="EDC3DD96-F6CA-7C05-B3B9-D1CF57ECE7DE.privilege.createrule" allowEdit="false" />
				<basic name="Modify Rule" description="Privilege to modify task rule" alias="EDC3DD96-F6CA-7C05-B3B9-D1CF57ECE7DE.privilege.modifyrule" allowEdit="false" />
				<basic name="Modify Rule Variables" description="Privilege to modify task rule variables only" alias="EDC3DD96-F6CA-7C05-B3B9-D1CF57ECE7DE.privilege.modifyrulevars" allowEdit="false" />
				<basic name="Delete Rule" description="Privilege to delete a task rule" alias="EDC3DD96-F6CA-7C05-B3B9-D1CF57ECE7DE.privilege.deleterule" allowEdit="false" />
			</wm_xt_fabricfolder>
			<wm_xt_fabricfolder name="Task Comments" alias="EDC3DD96-F6CA-7C05-B3B9-D1CF57ECE7DE.comment.privileges">
				<basic name="View Comments" description="Privilege to view task comments" alias="EDC3DD96-F6CA-7C05-B3B9-D1CF57ECE7DE.privilege.viewcomment" allowEdit="false" />
				<basic name="Add Comment" description="Privilege to add a new comment to a task" alias="EDC3DD96-F6CA-7C05-B3B9-D1CF57ECE7DE.privilege.createcomment" allowEdit="false" />
				<basic name="Update Comment" description="Privilege to update a comment added to a task" alias="EDC3DD96-F6CA-7C05-B3B9-D1CF57ECE7DE.privilege.updatecomment" allowEdit="false" />
				<basic name="Update Other People's Comment" description="Privilege to update other people comment added to a task" alias="EDC3DD96-F6CA-7C05-B3B9-D1CF57ECE7DE.privilege.updateotherpeoplecomment" allowEdit="false" />
				<basic name="Delete Comments" description="Privilege to delete a comment added to a task" alias="EDC3DD96-F6CA-7C05-B3B9-D1CF57ECE7DE.privilege.deletecomment" allowEdit="false" />
				<basic name="Delete Other People's Comment" description="Privilege to delete other people comment added to a task" alias="EDC3DD96-F6CA-7C05-B3B9-D1CF57ECE7DE.privilege.deleteotherpeoplecomment" allowEdit="false" />
			</wm_xt_fabricfolder>
			<wm_xt_fabricfolder name="Task Collaboration" alias="EDC3DD96-F6CA-7C05-B3B9-D1CF57ECE7DE.collaboration.privileges">
				<basic name="View Collaboration Process" description="Privilege to view task collaboration process" alias="EDC3DD96-F6CA-7C05-B3B9-D1CF57ECE7DE.privilege.viewcollaboration" allowEdit="false" />
				<basic name="Create Collaboration Process" description="Privilege to create new collaboration tasks" alias="EDC3DD96-F6CA-7C05-B3B9-D1CF57ECE7DE.privilege.createcollaboration" allowEdit="false" />
				<basic name="Update Collaboration Process" description="Privilege to update collaboration process" alias="EDC3DD96-F6CA-7C05-B3B9-D1CF57ECE7DE.privilege.updatecollaboration" allowEdit="false" />
				<basic name="Delete Collaboration Process" description="Privilege to delete collaboration process" alias="EDC3DD96-F6CA-7C05-B3B9-D1CF57ECE7DE.privilege.deletecollaboration" allowEdit="false" />
				<basic name="Search User's Collaboration Processes" description="Privilege to search Collaboration Processes user participates with" alias="EDC3DD96-F6CA-7C05-B3B9-D1CF57ECE7DE.privilege.searchusercollaboration" allowEdit="false" />
				<basic name="Search Other People's Collaboration Processes" description="Privilege to search any collaboration processes" alias="EDC3DD96-F6CA-7C05-B3B9-D1CF57ECE7DE.privilege.searchallcollaboration" allowEdit="false" />
			</wm_xt_fabricfolder>
			<wm_xt_fabricfolder name="Task Application Root Page" alias="EDC3DD96-F6CA-7C05-B3B9-D1CF57ECE7DE.app.privileges">
				<basic name="View Task Inbox" description="Privilege to view task inbox page" alias="EDC3DD96-F6CA-7C05-B3B9-D1CF57ECE7DE.privilege.task.app.inbox" allowEdit="false" />
			</wm_xt_fabricfolder>
			<wm_xt_fabricfolder name="Task Voting">
				<basic name="View Voting Statistics" description="Privilege to view voting statistics" alias="EDC3DD96-F6CA-7C05-B3B9-D1CF57ECE7DE.privilege.viewstatistics" allowEdit="false" />
			</wm_xt_fabricfolder>
		</wm_xt_fabricfolder>
	</Mode>
</context></CONFIG> 
 